_id,image_url,brands,pnns_groups_2,energy-kj_100g,sugars_100g,salt_100g,saturated-fat_100g,proteins_100g,fiber_100g,fruits-vegetables-nuts-estimate-from-ingredients_100g,sodium_100g,nutrition-score-fr_100g,nutrition_grade_fr,negative_points,positive_points,energy_points,sugars_points,sodium_points,saturated_fat_points,fruit_points,fiber_points,proteins_points,our_nutrition_score,our_nutrition_label
3251491787810.0,https://images.openfoodfacts.org/images/products/325/149/178/7810/front_en.127.400.jpg,Gerblé,Biscuits and cakes,1817.0,21.0,0.0,1.3,9.4,6.4,21.95,0.0,0.0,b,10.0,10.0,5,6,10,9,0,10,10,0.5500000000000007,b
3175680011480.0,https://images.openfoodfacts.org/images/products/317/568/001/1480/front_en.221.400.jpg,Gerblé,Biscuits and cakes,1961.0,17.0,0.38,2.0,10.0,4.6,13.8,0.152,1.0,b,10.0,9.0,5,7,10,9,0,8,10,1.049999999999999,b
3175681116832.0,https://images.openfoodfacts.org/images/products/317/568/111/6832/front_en.91.400.jpg,Gerblé,Biscuits and cakes,1791.0,0.0,0.2,1.5,6.2,4.1,9.165625,0.08,-1.0,a,6.0,7.0,5,10,10,9,0,8,6,1.549999999999999,b
3175681105423.0,https://images.openfoodfacts.org/images/products/317/568/110/5423/front_en.80.400.jpg,Gerblé,Biscuits and cakes,1727.0,0.0,0.2,3.3,8.0,8.9,19.0,0.08,-1.0,a,8.0,9.0,5,10,10,7,0,10,8,1.3499999999999996,b
3251491787803.0,https://images.openfoodfacts.org/images/products/325/149/178/7803/front_en.151.400.jpg,Gerblé,Biscuits and cakes,1870.0,20.0,0.03,1.4,9.5,6.1,14.725,0.012,0.0,b,10.0,10.0,5,6,10,9,0,10,10,0.5500000000000007,b
3178530410143.0,https://images.openfoodfacts.org/images/products/317/853/041/0143/front_en.121.400.jpg,St Michel,Biscuits and cakes,1894.0,30.0,0.76,3.5,5.5,1.2,18.4833333333333,0.304,16.0,d,9.0,10.0,5,4,10,7,0,2,6,4.750000000000002,d
5000159461122.0,https://images.openfoodfacts.org/images/products/500/015/946/1122/front_en.185.400.jpg,"Mars,Snickers",Biscuits and cakes,2044.0,52.0,0.64,7.8,8.7,1.3,0.0,0.256,24.0,e,4.0,9.0,4,0,10,3,0,2,10,6.450000000000001,e
3175680011442.0,https://images.openfoodfacts.org/images/products/317/568/001/1442/front_en.142.400.jpg,Gerblé,Biscuits and cakes,1866.0,18.0,0.36,1.4,11.0,4.9,15.7,0.144,0.0,b,10.0,10.0,5,7,10,9,0,10,10,0.4499999999999993,b
3560071177294.0,https://images.openfoodfacts.org/images/products/356/007/117/7294/front_fr.49.400.jpg,Carrefour,Biscuits and cakes,1601.0,30.0,0.45,0.7,5.0,4.5,0.0,0.18,7.0,c,8.0,8.0,6,4,10,10,0,8,6,1.2499999999999982,b
3175681116863.0,https://images.openfoodfacts.org/images/products/317/568/111/6863/front_fr.73.400.jpg,Gerblé,Biscuits and cakes,1850.0,0.0,0.32,1.7,8.1,5.4,17.075,0.128,-3.0,a,7.0,10.0,5,10,10,9,0,10,10,0.15000000000000036,b
3560071011475.0,https://images.openfoodfacts.org/images/products/356/007/101/1475/front_fr.117.400.jpg,Carrefour,Biscuits and cakes,1586.0,30.0,0.5,0.9,5.7,4.0,17.2,0.2,8.0,c,11.0,11.0,6,4,10,10,0,8,6,1.2499999999999982,b
3175681257542.0,https://images.openfoodfacts.org/images/products/317/568/125/7542/front_fr.85.400.jpg,Gerblé,Biscuits and cakes,1878.0,18.0,0.29,1.4,7.8,6.0,5.3,0.116,1.0,b,10.0,9.0,5,7,10,9,0,10,8,0.8499999999999996,b
3229820794532.0,https://images.openfoodfacts.org/images/products/322/982/079/4532/front_en.194.400.jpg,Bjorg,Biscuits and cakes,1856.0,16.0,0.37,1.4,8.9,7.7,8.25,0.148,0.0,b,10.0,10.0,5,7,10,9,0,10,10,0.4499999999999993,b
3229820021027.0,https://images.openfoodfacts.org/images/products/322/982/002/1027/front_fr.216.400.jpg,Bjorg,Biscuits and cakes,1750.0,20.0,0.45,0.8,7.6,7.6,0.0,0.18,1.0,b,10.0,9.0,5,6,10,10,0,10,8,0.5500000000000007,b
3175681851863.0,https://images.openfoodfacts.org/images/products/317/568/185/1863/front_en.132.400.jpg,Gerblé,Biscuits and cakes,1878.0,17.0,0.36,1.7,12.0,5.6,20.7,0.144,0.0,b,10.0,10.0,5,7,10,9,0,10,10,0.4499999999999993,b
3029330022411.0,https://images.openfoodfacts.org/images/products/302/933/002/2411/front_fr.111.400.jpg,Jacquet,Bread,1076.0,3.9,1.1,0.3,8.7,3.5,7.51666666666667,0.44,-1.0,a,7.0,8.0,7,10,10,10,0,6,10,-0.05000000000000071,a
3760049794298.0,https://images.openfoodfacts.org/images/products/376/004/979/4298/front_fr.170.400.jpg,La Boulangère,Bread,1298.0,5.5,1.3,0.7,8.8,4.4,0.0,0.52,0.0,b,9.0,9.0,7,9,10,10,0,8,10,-0.5500000000000007,a
4056489039532.0,https://images.openfoodfacts.org/images/products/405/648/903/9532/front_fr.22.400.jpg,Maître Jean Pierre,Bread,1719.0,8.6,1.0,0.7,9.5,3.5,1.875,0.4,2.0,b,10.0,8.0,5,9,10,10,0,6,10,1.0500000000000007,b
3029330004233.0,https://images.openfoodfacts.org/images/products/302/933/000/4233/front_fr.57.400.jpg,Jacquet,Bread,871.0,4.9,1.0,0.3,6.8,10.0,0.0,0.4,-2.0,a,7.0,9.0,8,9,10,10,0,10,8,-1.25,a
3029330004240.0,https://images.openfoodfacts.org/images/products/302/933/000/4240/front_fr.54.400.jpg,Jacquet,Bread,947.0,3.8,1.2,0.3,7.1,8.7,0.4765625,0.48,-2.0,a,7.0,9.0,8,10,10,10,0,10,8,-1.3500000000000014,a
3182180060009.0,https://images.openfoodfacts.org/images/products/318/218/006/0009/front_fr.4.400.jpg,Pasquier,Bread,1602.0,3.4,1.5,0.6,13.0,8.7,0.0,0.6,0.0,b,10.0,10.0,6,10,10,10,0,10,10,-0.75,a
7300400481595.0,https://images.openfoodfacts.org/images/products/730/040/048/1595/front_fr.207.400.jpg,Wasa,Bread,1415.0,1.0,1.0,0.4,9.0,19.0,0.0,0.4,-2.0,a,8.0,10.0,6,10,10,10,0,10,10,-0.75,a
3245412694516.0,https://images.openfoodfacts.org/images/products/324/541/269/4516/front_fr.96.400.jpg,Carrefour,Bread,875.0,6.0,0.93,0.3,12.0,6.0,0.0,0.372,-3.0,a,7.0,10.0,8,9,10,10,0,10,10,-1.6499999999999986,a
4056489039518.0,https://images.openfoodfacts.org/images/products/405/648/903/9518/front_fr.47.400.jpg,Maître Jean Pierre,Bread,1717.0,4.2,1.0,0.9,10.0,6.9,5.83333333333333,0.4,-1.0,a,9.0,10.0,5,10,10,10,0,10,10,-0.25,a
8710482532303.0,https://images.openfoodfacts.org/images/products/871/048/253/2303/front_es.79.400.jpg,Bachman,Bread,1824.0,3.4,1.0,1.4,14.0,14.0,6.25,0.4,0.0,b,10.0,10.0,5,10,10,9,0,10,10,0.15000000000000036,b
6410500090014.0,https://images.openfoodfacts.org/images/products/641/050/009/0014/front_en.171.400.jpg,Lantmännen,Bread,1450.0,1.6,1.4,0.5,10.0,20.0,0.0,0.56,0.0,b,10.0,10.0,6,10,10,10,0,10,10,-0.75,a
7300400481588.0,https://images.openfoodfacts.org/images/products/730/040/048/1588/front_fr.237.400.jpg,Wasa,Bread,1396.0,2.0,1.2,1.0,13.0,26.0,0.0,0.48,-1.0,a,9.0,10.0,6,10,10,10,0,10,10,-0.75,a
3760049791006.0,https://images.openfoodfacts.org/images/products/376/004/979/1006/front_fr.112.400.jpg,La Boulangère,Bread,1170.0,3.6,1.3,0.5,9.2,3.9,10.2142857142857,0.52,-1.0,a,8.0,9.0,7,10,10,10,0,8,10,-0.6499999999999986,a
3182180001996.0,https://images.openfoodfacts.org/images/products/318/218/000/1996/front_fr.28.400.jpg,Pasquier,Bread,1617.0,3.4,1.1,0.7,14.0,12.0,0.0,0.44,-2.0,a,8.0,10.0,6,10,10,10,0,10,10,-0.75,a
3228850000071.0,https://images.openfoodfacts.org/images/products/322/885/000/0071/front_fr.49.400.jpg,"Harrys,Barilla",Bread,1225.0,4.7,1.4,0.5,8.6,4.0,8.35454545454545,0.56,1.0,b,8.0,9.0,7,9,10,10,0,8,10,-0.5500000000000007,a
3284230011884.0,https://images.openfoodfacts.org/images/products/328/423/001/1884/front_fr.137.400.jpg,La Boulangère Bio,Pastries,1453.0,8.7,0.9,1.2,9.4,2.4,0.0,0.36,2.0,b,9.0,7.0,6,9,10,9,0,4,10,1.5500000000000007,b
3228857001378.0,https://images.openfoodfacts.org/images/products/322/885/700/1378/front_fr.93.400.jpg,Harrys,Pastries,1354.0,9.3,0.9,1.1,8.4,7.2,8.859375,0.36,0.0,b,10.0,10.0,6,8,10,9,0,10,10,-0.15000000000000036,a
3179142054633.0,https://images.openfoodfacts.org/images/products/317/914/205/4633/front_en.51.400.jpg,Vahiné,Nuts,2535.0,4.6,0.05,4.0,21.0,9.9,100.0,0.02,6.0,c,11.0,5.0,3,9,10,7,10,10,10,2.5500000000000007,c
3229820763729.0,https://images.openfoodfacts.org/images/products/322/982/076/3729/front_fr.71.400.jpg,Bjorg,Nuts,357.0,1.5,0.1,0.8,1.2,0.0,7.0,0.04,1.0,b,1.0,0.0,9,10,10,10,0,0,0,2.75,c
3270720005709.0,https://images.openfoodfacts.org/images/products/327/072/000/5709/front_en.7.400.jpg,Daco Bello,Nuts,2625.0,3.5,0.02,4.4,27.0,11.0,100.0,0.008,-4.0,a,11.0,15.0,3,10,10,6,10,10,10,2.8499999999999996,c
8480000348654.0,https://images.openfoodfacts.org/images/products/848/000/034/8654/front_es.26.400.jpg,Hacendado,Nuts,2494.0,5.4,0.0,3.9,25.0,11.0,100.0,0.0,-4.0,a,11.0,15.0,3,9,10,7,10,10,10,2.5500000000000007,c
20052713.0,https://images.openfoodfacts.org/images/products/20052713/front_en.20.400.jpg,"Belbake, 10 x Aldi 08.24 / 6x Aldi 11.23",Nuts,2665.0,4.4,0.02,4.9,24.2,11.2,100.0,0.008,-4.0,a,11.0,15.0,3,10,10,6,10,10,10,2.8499999999999996,c
8480000137388.0,https://images.openfoodfacts.org/images/products/848/000/013/7388/front_es.57.400.jpg,Hacendado,Nuts,1746.0,10.0,0.0,1.7,46.7,13.3,0.0,0.0,-2.0,a,8.0,10.0,5,8,10,9,0,10,10,0.34999999999999964,b
3336971608059.0,https://images.openfoodfacts.org/images/products/333/697/160/8059/front_fr.67.400.jpg,"Vico,Intersnack,Natur'& Bon",Nuts,2534.0,3.9,0.0,4.3,26.0,8.3,100.0,0.0,-4.0,a,11.0,15.0,3,10,10,6,10,10,10,2.8499999999999996,c
5411188114581.0,https://images.openfoodfacts.org/images/products/541/118/811/4581/front_fr.92.400.jpg,Provamel,Plant-based milk substitutes,118.0,0.0,0.09,0.2,1.0,0.6,5.0,0.036,0.0,b,0.0,0.0,10,10,10,10,0,0,0,2.25,c
3250391435401.0,https://images.openfoodfacts.org/images/products/325/039/143/5401/front_fr.50.400.jpg,"Paquito,Intermarché",Dried fruits,844.0,29.0,0.03,0.1,2.1,6.2,66.6666666666667,0.012,0.0,b,11.0,2.0,8,4,10,10,4,10,2,0.6499999999999986,b
4056489167037.0,https://images.openfoodfacts.org/images/products/405/648/916/7037/front_en.40.400.jpg,Alesto,Dried fruits,1395.0,71.3,0.02,0.1,0.4,5.5,66.5,0.008,7.0,c,9.0,0.0,6,0,10,10,4,10,0,2.4499999999999993,c
3068233500404.0,https://images.openfoodfacts.org/images/products/306/823/350/0404/front_fr.51.400.jpg,"La Favorite,Color Foods",Dried fruits,1249.0,64.0,0.025,0.5,2.3,7.0,75.0,0.01,6.0,c,2.0,6.0,7,0,10,10,4,10,2,1.549999999999999,b
4056489104254.0,https://images.openfoodfacts.org/images/products/405/648/910/4254/front_en.4.400.jpg,"Belbake,Lidl,August Töpfer & Co.",Dried fruits,2679.0,6.6,0.05,61.6,7.4,14.8,100.0,0.02,4.0,c,0.0,1.0,3,9,10,0,10,10,8,5.75,d
3502490171606.0,https://images.openfoodfacts.org/images/products/350/249/017/1606/front_fr.132.400.jpg,Maître PRUNILLE,Dried fruits,980.0,35.0,0.02,0.1,1.6,7.9,100.0,0.008,-1.0,a,4.0,7.0,8,3,10,10,10,10,0,1.4499999999999993,b
3256223800218.0,https://images.openfoodfacts.org/images/products/325/622/380/0218/front_fr.55.400.jpg,U,Dried fruits,813.0,38.1,0.01,0.1,1.5,5.2,100.0,0.004,0.0,b,3.0,8.0,8,2,10,10,10,10,0,1.5500000000000007,b
3191220006327.0,https://images.openfoodfacts.org/images/products/319/122/000/6327/front_fr.40.400.jpg,Brousse & Fils,Dried fruits,1151.0,59.5,0.0,0.1,1.8,10.2,100.0,0.0,2.0,b,11.0,2.0,7,0,10,10,10,10,2,1.8499999999999996,b
3609200003087.0,https://images.openfoodfacts.org/images/products/360/920/000/3087/front_fr.33.400.jpg,Nature addicts,Dried fruits,1360.0,68.0,0.1,0.2,1.4,7.0,94.53125,0.04,4.0,c,0.0,5.0,6,0,10,10,10,10,0,2.75,c
3270190022671.0,https://images.openfoodfacts.org/images/products/327/019/002/2671/front_fr.31.400.jpg,Carrefour,Dried fruits,1226.0,49.0,0.18,0.3,3.3,11.0,100.0,0.072,1.0,b,11.0,7.0,7,0,10,10,10,10,4,1.4499999999999993,b
8480000346056.0,https://images.openfoodfacts.org/images/products/848/000/034/6056/front_es.39.400.jpg,Hacendado,Dried fruits,1447.0,68.0,0.0,0.3,1.0,6.6,33.3333333333333,0.0,9.0,c,2.0,5.0,6,0,10,10,0,10,0,2.25,c
3560070769131.0,https://images.openfoodfacts.org/images/products/356/007/076/9131/front_fr.59.400.jpg,Carrefour,Dried fruits,2575.0,3.4,0.02,4.0,26.0,12.0,100.0,0.008,-5.0,a,10.0,15.0,3,10,10,7,10,10,10,2.4499999999999993,c
3242272921059.0,https://images.openfoodfacts.org/images/products/324/227/292/1059/front_fr.69.400.jpg,Sodebo,Sandwiches,1093.0,2.9,1.2,1.6,10.0,2.9,13.8938210227273,0.48,1.0,b,8.0,5.0,7,10,10,9,0,6,10,0.3500000000000014,b
3242272907350.0,https://images.openfoodfacts.org/images/products/324/227/290/7350/front_fr.36.400.jpg,Sodebo,Sandwiches,1002.0,2.3,1.1,1.0,9.7,3.3,16.9671474358974,0.44,-2.0,a,8.0,9.0,8,10,10,10,0,6,10,-0.5500000000000007,a
4056489040477.0,https://images.openfoodfacts.org/images/products/405/648/904/0477/front_fr.13.400.jpg,"Select & Go, Toque du Chef",Sandwiches,796.0,3.1,1.05,0.5,9.6,3.7,26.1363636363636,0.42,-2.0,a,6.0,7.0,8,10,10,10,0,6,10,-0.5500000000000007,a
3242272922056.0,https://images.openfoodfacts.org/images/products/324/227/292/2056/front_fr.61.400.jpg,Sodebo,Sandwiches,1042.0,2.9,1.0,1.2,9.4,2.4,21.1182349396635,0.4,1.0,b,7.0,8.0,7,10,10,9,0,4,10,0.9500000000000011,b
8480000590329.0,https://images.openfoodfacts.org/images/products/848/000/059/0329/front_es.118.400.jpg,Hacendado,Sandwiches,1045.0,1.7,1.5,4.3,14.2,0.0,0.0,0.6,13.0,d,8.0,8.0,7,10,10,6,0,0,10,3.3499999999999996,c
3560070953028.0,https://images.openfoodfacts.org/images/products/356/007/095/3028/front_fr.30.400.jpg,"Bon App',Carrefour",Sandwiches,930.0,3.3,1.0,0.8,9.1,2.9,27.6125,0.4,-2.0,a,11.0,4.0,8,10,10,10,0,6,10,-0.5500000000000007,a
3242272891352.0,https://images.openfoodfacts.org/images/products/324/227/289/1352/front_fr.47.400.jpg,Sodebo,Sandwiches,1160.0,7.1,1.3,1.5,9.2,4.1,18.2639797150143,0.52,1.0,b,8.0,4.0,7,9,10,9,0,8,10,-0.15000000000000036,a
3560070953080.0,https://images.openfoodfacts.org/images/products/356/007/095/3080/front_fr.34.400.jpg,"Bon App',Carrefour",Sandwiches,784.0,2.7,1.2,0.6,9.0,3.2,0.0,0.48,-1.0,a,9.0,8.0,8,10,10,10,0,6,10,-0.5500000000000007,a
3560070998661.0,https://images.openfoodfacts.org/images/products/356/007/099/8661/front_fr.70.400.jpg,"Carrefour Veggie,Carrefour",Sandwiches,672.0,0.9,0.7,2.1,17.0,3.8,38.75,0.28,-2.0,a,9.0,5.0,8,10,10,8,0,8,10,-0.34999999999999787,a
3560070953325.0,https://images.openfoodfacts.org/images/products/356/007/095/3325/front_fr.44.400.jpg,"Bon app',Carrefour",Sandwiches,834.0,3.7,1.2,0.5,8.1,3.7,28.94,0.48,-1.0,a,8.0,10.0,8,10,10,10,0,6,10,-0.5500000000000007,a
8710438105735.0,https://images.openfoodfacts.org/images/products/871/043/810/5735/front_fr.40.400.jpg,MCCAIN,Sandwiches,1155.0,5.1,1.4,7.3,11.0,2.3,12.4913194444444,0.56,15.0,d,6.0,5.0,7,9,10,3,0,4,10,3.4499999999999993,c
4061458284547.0,https://images.openfoodfacts.org/images/products/406/145/828/4547/front_de.3.400.jpg,Mein veggie Tag,Sandwiches,842.0,0.4,1.37,2.5,14.6,6.5,0.0,0.548,0.0,b,8.0,5.0,8,10,10,8,0,10,10,-0.9499999999999993,a
3242272890751.0,https://images.openfoodfacts.org/images/products/324/227/289/0751/front_fr.61.400.jpg,Sodebo,Sandwiches,1275.0,7.0,1.0,2.5,8.7,3.3,19.3717447916667,0.4,2.0,b,10.0,8.0,7,9,10,8,0,6,10,0.8499999999999979,b
3175681262270.0,https://images.openfoodfacts.org/images/products/317/568/126/2270/front_fr.40.400.jpg,Céréal Bio,Sandwiches,937.0,3.0,1.5,1.2,17.0,4.6,23.7914341517857,0.6,0.0,b,10.0,9.0,8,10,10,9,0,8,10,-0.75,a
3181232138307.0,https://images.openfoodfacts.org/images/products/318/123/213/8307/front_fr.61.400.jpg,Charal,Sandwiches,1086.0,4.5,1.28,4.7,14.0,3.7,4.0,0.512,9.0,c,7.0,9.0,7,10,10,6,0,6,10,1.5500000000000007,b
20330750.0,https://images.openfoodfacts.org/images/products/20330750/front_en.117.400.jpg,"Vemondo,Lidl",unknown,681.0,4.0,1.5,0.7,18.8,7.7,6.33703882553998,0.6,-2.0,a,6.0,4.0,8,10,10,10,0,10,10,-1.75,a
7613036092487.0,https://images.openfoodfacts.org/images/products/761/303/609/2487/front_en.119.400.jpg,"Garden gourmet, Nestlé",unknown,798.0,3.2,1.3,0.7,21.0,6.4,20.6254842122396,0.52,-3.0,a,11.0,5.0,8,10,10,10,0,10,10,-1.75,a
4000405005316.0,https://images.openfoodfacts.org/images/products/400/040/500/5316/front_de.99.400.jpg,Rügenwalder Mühle,unknown,556.0,1.4,2.7,0.7,6.4,3.2,23.0769230769231,1.08,8.0,c,8.0,9.0,9,10,10,10,0,6,6,-0.25,a
3175681028098.0,https://images.openfoodfacts.org/images/products/317/568/102/8098/front_fr.111.400.jpg,Céréal Bio,unknown,780.0,3.8,0.95,0.6,5.0,6.2,20.1,0.38,-2.0,a,8.0,10.0,8,10,10,10,0,10,6,-0.9499999999999993,a
3175681190078.0,https://images.openfoodfacts.org/images/products/317/568/119/0078/front_fr.53.400.jpg,Céréal BIO,unknown,581.0,2.6,0.6,0.7,15.0,5.6,26.4625,0.24,-7.0,a,10.0,6.0,9,10,10,10,0,10,10,-2.25,a
8027890010232.0,https://images.openfoodfacts.org/images/products/802/789/001/0232/front_es.32.400.jpg,Kioene,unknown,1147.0,0.5,1.22,2.2,14.3,4.5,30.0,0.488,1.0,b,5.0,6.0,7,10,10,8,0,8,10,0.15000000000000036,b
4000405002100.0,https://images.openfoodfacts.org/images/products/400/040/500/2100/front_de.98.400.jpg,Rügenwalder Mühle,unknown,1080.0,0.6,1.6,1.9,4.5,3.7,3.0,0.64,8.0,c,8.0,10.0,7,10,10,9,0,6,4,1.5500000000000007,b
3175681269613.0,https://images.openfoodfacts.org/images/products/317/568/126/9613/front_fr.61.400.jpg,"Céréal Bio,Céréal",unknown,693.0,1.4,1.2,0.8,21.0,4.2,4.65,0.48,-2.0,a,6.0,8.0,8,10,10,10,0,8,10,-1.1499999999999986,a
4000405005026.0,https://images.openfoodfacts.org/images/products/400/040/500/5026/front_de.102.400.jpg,Rügenwalder Mühle,unknown,872.0,0.6,1.5,0.9,12.0,5.0,11.8421052631579,0.6,-2.0,a,7.0,11.0,8,10,10,10,0,10,10,-1.75,a
4000405004593.0,https://images.openfoodfacts.org/images/products/400/040/500/4593/front_de.115.400.jpg,Rügenwalder Mühle,unknown,492.0,2.2,2.3,0.4,2.2,7.3,12.0,0.92,6.0,c,3.0,8.0,9,10,10,10,0,10,2,-0.6499999999999986,a
8711812380571.0,https://images.openfoodfacts.org/images/products/871/181/238/0571/front_fr.81.400.jpg,Gaia,unknown,1079.0,0.5,1.4,18.2,4.5,3.4,1.5,0.56,16.0,d,9.0,10.0,7,10,10,0,0,6,4,5.149999999999999,d
8027890010249.0,https://images.openfoodfacts.org/images/products/802/789/001/0249/front_es.64.400.jpg,Kioene,unknown,1022.0,0.9,1.56,1.8,12.4,3.6,18.0,0.624,2.0,b,7.0,10.0,7,10,10,9,0,6,10,0.3500000000000014,b
1230000068017.0,https://images.openfoodfacts.org/images/products/123/000/006/8017/front_fr.11.400.jpg,Beyond Meat,unknown,1047.0,0.0,0.75,5.6,17.0,1.3,8.01953125,0.3,10.0,c,8.0,10.0,7,10,10,5,0,2,10,3.1500000000000004,c
7613035694989.0,https://images.openfoodfacts.org/images/products/761/303/569/4989/front_fr.119.400.jpg,"Garden gourmet,Nestlé",unknown,942.0,3.3,1.0,1.0,16.2,5.9,48.85,0.4,-5.0,a,9.0,8.0,8,10,10,10,2,10,10,-1.6499999999999986,a
7622201809638.0,https://images.openfoodfacts.org/images/products/762/220/180/9638/front_fr.67.400.jpg,"LU,Napolitain,Mondelez",unknown,1797.0,32.0,0.48,8.9,4.4,2.0,0.0116984049479143,0.192,20.0,e,10.0,9.0,5,3,10,2,0,4,4,6.65,e
3056440083193.0,https://images.openfoodfacts.org/images/products/305/644/008/3193/front.7.400.jpg,"Belin,Mondelez",Appetizers,1977.0,0.7,3.0,9.2,4.3,4.0,0.0,1.2,20.0,e,7.0,10.0,5,10,10,1,0,8,4,5.149999999999999,d
3336971805038.0,https://images.openfoodfacts.org/images/products/333/697/180/5038/front_en.94.400.jpg,"Vico,Natu' & Bon",Appetizers,1915.0,3.7,1.5,1.8,13.0,5.3,37.3854259672619,0.6,7.0,c,9.0,7.0,5,10,10,9,0,10,10,0.15000000000000036,b
5053990155354.0,https://images.openfoodfacts.org/images/products/505/399/015/5354/front_en.42.400.jpg,Pringles,Appetizers,2191.0,2.7,1.3,6.4,6.0,3.4,0.0,0.52,14.0,d,9.0,7.0,4,10,10,4,0,6,6,4.649999999999999,d
3664346305860.0,https://images.openfoodfacts.org/images/products/366/434/630/5860/front_en.88.400.jpg,Poulain,Chocolate products,2119.0,52.0,0.01,18.0,4.9,7.2,0.0,0.004,21.0,e,10.0,8.0,4,0,10,0,0,10,6,6.050000000000001,d
7613036337342.0,https://images.openfoodfacts.org/images/products/761/303/633/7342/front_fr.51.400.jpg,"Herta, Nestle, Garden gourmet",One-dish meals,947.0,0.9,1.1,3.1,16.2,3.5,6.6153125,0.44,1.0,b,10.0,8.0,8,10,10,7,0,6,10,0.6499999999999986,b
7613035694958.0,https://images.openfoodfacts.org/images/products/761/303/569/4958/front_fr.131.400.jpg,"Garden gourmet,Nestlé",One-dish meals,787.0,3.5,0.9,2.0,8.5,2.6,43.3224404761905,0.36,-2.0,a,7.0,8.0,8,10,10,9,2,4,10,0.5500000000000007,b
3560070998784.0,https://images.openfoodfacts.org/images/products/356/007/099/8784/front_fr.61.400.jpg,Carrefour,One-dish meals,921.0,1.5,0.72,1.7,7.1,5.5,75.9076923076923,0.288,-5.0,a,9.0,8.0,8,10,10,9,4,10,8,-0.75,a
3175681216273.0,https://images.openfoodfacts.org/images/products/317/568/121/6273/front_fr.69.400.jpg,Céréal Bio,One-dish meals,933.0,3.5,0.95,1.7,8.5,4.8,3.58333333333333,0.38,-3.0,a,6.0,10.0,8,10,10,9,0,10,10,-1.3500000000000014,a
3760257090717.0,https://images.openfoodfacts.org/images/products/376/025/709/0717/front_en.28.400.jpg,Hari&Co,One-dish meals,1251.0,3.0,0.8,1.6,6.4,6.5,42.7578125,0.32,-2.0,a,8.0,9.0,7,10,10,9,2,10,6,0.049999999999998934,b
3259011033768.0,https://images.openfoodfacts.org/images/products/325/901/103/3768/front_fr.36.400.jpg,Cereal bio,One-dish meals,1062.0,1.2,0.98,3.0,7.8,5.0,3.325,0.392,0.0,b,6.0,7.0,7,10,10,8,0,10,8,-0.049999999999998934,a
4012359144003.0,https://images.openfoodfacts.org/images/products/401/235/914/4003/front_en.81.400.jpg,Taifun,One-dish meals,853.0,0.5,1.4,2.2,19.0,0.0,56.11328125,0.56,5.0,c,8.0,7.0,8,10,10,8,2,0,10,2.1500000000000004,c
26097442.0,https://images.openfoodfacts.org/images/products/26097442/front_fr.302.400.jpg,"Bon & VéG,Aldi",One-dish meals,649.0,1.3,1.5,0.6,19.0,4.8,59.0,0.6,-4.0,a,7.0,10.0,9,10,10,10,2,10,10,-2.1499999999999986,a
3175681104297.0,https://images.openfoodfacts.org/images/products/317/568/110/4297/front_fr.74.400.jpg,Céréal Bio,One-dish meals,921.0,1.4,1.2,1.0,6.0,6.9,69.5,0.48,-3.0,a,10.0,5.0,8,10,10,10,4,10,6,-0.75,a
8480000073297.0,https://images.openfoodfacts.org/images/products/848/000/007/3297/front_en.98.400.jpg,Hacendado,Legumes,1375.0,10.0,0.01,0.2,51.0,15.0,0.0,0.004,-4.0,a,8.0,10.0,6,8,10,10,0,10,10,-0.5500000000000007,a
4012359144102.0,https://images.openfoodfacts.org/images/products/401/235/914/4102/front_en.98.400.jpg,Taifun,Legumes,1049.0,0.9,1.7,2.6,17.0,0.0,62.5439453125,0.68,12.0,d,10.0,5.0,7,10,10,8,4,0,10,2.75,c
8410789140118.0,https://images.openfoodfacts.org/images/products/841/078/914/0118/front_en.38.400.jpg,Hacendado,Legumes,459.0,0.4,0.04,1.2,11.1,0.4,20.0,0.016,-3.0,a,3.0,6.0,9,10,10,9,0,0,10,1.1500000000000004,b
3259010101208.0,https://images.openfoodfacts.org/images/products/325/901/010/1208/front_fr.50.400.jpg,Soy,Legumes,605.0,0.6,0.01,1.5,14.0,2.5,0.0,0.004,-5.0,a,9.0,10.0,9,10,10,9,0,4,10,-0.049999999999998934,a
3259011034000.0,https://images.openfoodfacts.org/images/products/325/901/103/4000/front_fr.49.400.jpg,Céréal Bio,Legumes,605.0,0.6,0.0,1.5,14.0,2.5,0.0,0.0,-5.0,a,7.0,9.0,9,10,10,9,0,4,10,-0.049999999999998934,a
3229820794112.0,https://images.openfoodfacts.org/images/products/322/982/079/4112/front_fr.92.400.jpg,Bjorg,Legumes,645.0,0.4,0.5,1.5,16.0,0.5,0.84375,0.2,-1.0,a,6.0,8.0,9,10,10,9,0,0,10,1.1500000000000004,b
3259010005018.0,https://images.openfoodfacts.org/images/products/325/901/000/5018/front_fr.89.400.jpg,Soy,Legumes,686.0,0.8,0.52,1.7,16.0,3.2,0.549999999999997,0.208,-3.0,a,6.0,11.0,8,10,10,9,0,6,10,-0.14999999999999858,a
3229820762692.0,https://images.openfoodfacts.org/images/products/322/982/076/2692/front_fr.30.400.jpg,Bjorg,Legumes,705.0,0.5,0.03,1.7,18.0,3.1,0.0,0.012,-5.0,a,6.0,10.0,8,10,10,9,0,6,10,-0.14999999999999858,a
3229820796642.0,https://images.openfoodfacts.org/images/products/322/982/079/6642/front_fr.47.400.jpg,Bjorg,Cereals,557.0,0.8,0.72,0.28,18.0,2.2,12.27,0.288,-3.0,a,2.0,5.0,9,10,10,10,0,4,10,-0.4499999999999993,a
3259010108047.0,https://images.openfoodfacts.org/images/products/325/901/010/8047/front_fr.97.400.jpg,Soy,Cereals,528.0,1.2,1.0,0.4,20.0,1.0,12.75,0.4,-1.0,a,11.0,1.0,9,10,10,10,0,2,10,0.15000000000000036,b
3175681108974.0,https://images.openfoodfacts.org/images/products/317/568/110/8974/front_fr.89.400.jpg,Céréal Bio,Cereals,935.0,4.5,0.93,1.5,7.1,4.6,19.2,0.372,-1.0,a,7.0,10.0,8,10,10,9,0,8,8,-0.34999999999999787,a
8437017032687.0,https://images.openfoodfacts.org/images/products/843/701/703/2687/front_fr.75.400.jpg,Heura,Meat,750.0,0.9,1.1,2.9,19.0,4.0,7.04375,0.44,-1.0,a,9.0,7.0,8,10,10,8,0,8,10,-0.34999999999999787,a
3770018078038.0,https://images.openfoodfacts.org/images/products/377/001/807/8038/front_fr.54.400.jpg,"La Vie,La Vie Foods,LaVie_Foods",Meat,854.0,1.5,2.4,1.0,17.0,3.0,0.0,0.96,9.0,c,9.0,10.0,8,10,10,10,0,6,10,-0.5500000000000007,a
3770018078021.0,https://images.openfoodfacts.org/images/products/377/001/807/8021/front_fr.19.400.jpg,"La Vie,La Vie Foods,LaVie_Foods",Meat,854.0,1.5,2.4,1.0,17.0,3.0,0.0,0.96,9.0,c,7.0,10.0,8,10,10,10,0,6,10,-0.5500000000000007,a
7613035937550.0,https://images.openfoodfacts.org/images/products/761/303/593/7550/front_fr.52.400.jpg,Herta,Processed meat,1097.0,2.2,1.3,1.4,16.0,2.1,26.725,0.52,2.0,b,6.0,10.0,7,10,10,9,0,4,10,0.9500000000000011,b
3523230034340.0,https://images.openfoodfacts.org/images/products/352/323/003/4340/front_fr.72.400.jpg,Soignon,Cheese,1350.0,0.8,1.0,12.0,16.0,0.7,0.0,0.4,13.0,d,10.0,9.0,6,10,10,0,0,0,10,6.25,e
3168930010265.0,https://images.openfoodfacts.org/images/products/316/893/001/0265/front_en.206.400.jpg,Quaker,Breakfast cereals,1913.0,12.0,0.0,2.0,8.5,10.0,10.7,0.0,-2.0,a,7.0,10.0,5,8,10,9,0,10,10,0.34999999999999964,b
20003166.0,https://images.openfoodfacts.org/images/products/20003166/front_en.257.400.jpg,"Crownfield,Lidl,Fortin",Breakfast cereals,1566.0,0.7,0.03,1.0,13.5,10.0,0.0,0.012,-6.0,a,5.0,10.0,6,10,10,10,0,10,10,-0.75,a
3229820782560.0,https://images.openfoodfacts.org/images/products/322/982/078/2560/front_fr.164.400.jpg,Bjorg,Breakfast cereals,402.0,3.73,0.00267,0.213,2.93,2.51,20.979020979021,0.00107,-2.0,a,9.0,10.0,9,10,10,10,0,4,2,1.1500000000000004,b
5010477348630.0,https://images.openfoodfacts.org/images/products/501/047/734/8630/front_fr.144.400.jpg,Jordans,Breakfast cereals,1569.0,18.9,0.03,2.8,9.3,8.5,17.5,0.012,0.0,b,7.0,10.0,6,6,10,8,0,10,10,0.4499999999999993,b
8410188012092.0,https://images.openfoodfacts.org/images/products/841/018/801/2092/front_en.71.400.jpg,Kellogg's,Breakfast cereals,1604.0,8.0,1.13,0.2,7.0,3.0,0.0,0.452,3.0,c,9.0,10.0,6,9,10,10,0,6,8,0.9499999999999993,b
7613034947611.0,https://images.openfoodfacts.org/images/products/761/303/494/7611/front_fr.214.400.jpg,Nestlé,Breakfast cereals,1638.0,22.4,0.22,2.0,8.8,7.5,0.0,0.088,-1.0,a,9.0,10.0,6,6,10,9,0,10,10,0.05000000000000071,b
3229820116716.0,https://images.openfoodfacts.org/images/products/322/982/011/6716/front_fr.199.400.jpg,Bjorg,Breakfast cereals,1510.0,10.0,0.02,2.6,11.0,9.9,19.5,0.008,-2.0,a,7.0,10.0,6,8,10,8,0,10,10,0.25,b
5050083516313.0,https://images.openfoodfacts.org/images/products/505/008/351/6313/front_fr.111.400.jpg,Kellogg’s,Breakfast cereals,2026.0,25.0,0.68,12.0,7.0,4.9,0.375,0.272,19.0,e,9.0,7.0,4,5,10,0,0,10,8,5.15,d
5010029219241.0,https://images.openfoodfacts.org/images/products/501/002/921/9241/front_en.115.400.jpg,Weetabix,Breakfast cereals,1629.0,17.0,0.16,2.3,10.0,10.0,0.0,0.064,-1.0,a,8.0,9.0,6,7,10,8,0,10,10,0.34999999999999964,b
5053827184717.0,https://images.openfoodfacts.org/images/products/505/382/718/4717/front_en.101.400.jpg,Kellogg’s,Breakfast cereals,1649.0,7.9,1.0,0.4,7.0,2.9,0.0,0.4,2.0,b,9.0,10.0,6,9,10,10,0,6,8,0.9499999999999993,b
5010029227062.0,https://images.openfoodfacts.org/images/products/501/002/922/7062/front_en.98.400.jpg,Oreo,Breakfast cereals,1619.0,27.0,0.5,1.0,7.5,3.9,0.0,0.2,7.0,c,5.0,10.0,6,5,10,10,0,8,8,0.75,b
5053827192699.0,https://images.openfoodfacts.org/images/products/505/382/719/2699/front_en.92.400.jpg,KELLOG'SKellogg's,Breakfast cereals,1636.0,17.0,0.65,0.9,6.3,3.8,0.0,0.26,2.0,b,5.0,10.0,6,7,10,10,0,8,6,0.9500000000000011,b
5010477348678.0,https://images.openfoodfacts.org/images/products/501/047/734/8678/front_fr.226.400.jpg,Jordans,Breakfast cereals,1523.0,17.2,0.025,2.0,10.2,8.8,60.0,0.01,-2.0,a,9.0,7.0,6,7,10,9,2,10,10,0.049999999999998934,b
4056489209980.0,https://images.openfoodfacts.org/images/products/405/648/920/9980/front_en.27.400.jpg,Crownfield,Breakfast cereals,1822.0,25.0,0.6,7.3,6.2,5.8,10.98,0.24,14.0,d,5.0,10.0,5,5,10,3,0,10,6,3.8499999999999996,c
5010477357335.0,https://images.openfoodfacts.org/images/products/501/047/735/7335/front_fr.74.400.jpg,Jordans,Breakfast cereals,1788.0,6.3,0.03,2.3,13.6,8.7,18.75,0.012,-2.0,a,9.0,10.0,5,9,10,8,0,10,10,0.6500000000000004,b
8480000152039.0,https://images.openfoodfacts.org/images/products/848/000/015/2039/front_es.39.400.jpg,Hacendado,Fruits,230.0,11.0,0.01,0.0,0.4,0.5,100.0,0.004,-3.0,a,2.0,6.0,10,8,10,10,10,0,0,2.9499999999999993,c
3523680438224.0,https://images.openfoodfacts.org/images/products/352/368/043/8224/front_fr.66.400.jpg,Carrefour BIO,Fruits,373.0,15.6,0.0,0.01,1.06,2.7,100.0,0.0,-3.0,a,9.0,10.0,9,7,10,10,10,4,0,2.3500000000000014,c
20753030.0,https://images.openfoodfacts.org/images/products/20753030/front_en.54.400.jpg,Oaklands,Fruits,348.0,15.6,0.0325,0.01,1.06,2.7,100.0,0.013,-3.0,a,2.0,5.0,9,7,10,10,10,4,0,2.3500000000000014,c
20167271.0,https://images.openfoodfacts.org/images/products/20167271/front_en.29.400.jpg,Belbake ( Lidl ),Fruits,1446.0,21.0,0.11,11.0,20.0,36.0,0.0,0.044,13.0,d,3.0,6.0,6,6,10,0,0,10,10,3.6500000000000004,c
20452056.0,https://images.openfoodfacts.org/images/products/20452056/front_fr.119.400.jpg,Vergers Gourmands,Fruits,214.0,11.0,0.0,0.0,0.3,1.4,100.0,0.0,-4.0,a,2.0,7.0,10,8,10,10,10,2,0,2.3499999999999996,c
3021762412129.0,https://images.openfoodfacts.org/images/products/302/176/241/2129/front_fr.101.400.jpg,"Materne,POM'POTES",Fruits,256.0,11.0,0.01,0.2,0.5,1.3,99.95,0.004,-4.0,a,2.0,6.0,10,8,10,10,10,2,0,2.3499999999999996,c
3297760097020.0,https://images.openfoodfacts.org/images/products/329/776/009/7020/front_fr.33.400.jpg,Charles & Alice,Fruits,243.0,11.0,0.01,0.1,0.6,1.5,99.9,0.004,-4.0,a,2.0,6.0,10,8,10,10,10,2,0,2.3499999999999996,c
4056489126751.0,https://images.openfoodfacts.org/images/products/405/648/912/6751/front_fr.40.400.jpg,Solevita,Sweetened beverages,111.0,6.1,0.01,0.1,0.5,0.0,21.2,0.004,9.0,d,2.0,6.0,10,9,10,10,0,0,0,2.3499999999999996,c
3560070701674.0,https://images.openfoodfacts.org/images/products/356/007/070/1674/front_fr.52.400.jpg,Carrefour,Sweets,700.0,39.0,0.02,0.0,0.0,1.1,50.0,0.008,8.0,c,3.0,0.0,8,2,10,10,2,2,0,3.5500000000000007,c
3270190136842.0,https://images.openfoodfacts.org/images/products/327/019/013/6842/front_fr.60.400.jpg,"Carrefour Bio,Carrefour",Sweets,1039.0,59.0,0.0,0.0,0.0,1.4,50.0,0.0,11.0,d,11.0,4.0,7,0,10,10,2,2,0,4.25,c
3564706604360.0,https://images.openfoodfacts.org/images/products/356/470/660/4360/front_fr.45.400.jpg,"Grainéa,Marque repère",Breakfast cereals,1810.0,9.3,0.07,2.9,10.0,12.0,4.0,0.028,-1.0,a,8.0,10.0,5,8,10,8,0,10,10,0.75,b
8710637105352.0,https://images.openfoodfacts.org/images/products/871/063/710/5352/front_en.23.400.jpg,Mission,Bread,1325.0,1.1,0.98,0.8,8.0,4.3,0.0,0.392,-1.0,a,9.0,8.0,7,10,10,10,0,8,8,-0.25,a
3175681066632.0,https://images.openfoodfacts.org/images/products/317/568/106/6632/front_fr.115.400.jpg,Gerblé,Biscuits and cakes,1905.0,16.0,0.36,1.4,8.9,5.0,14.8,0.144,0.0,b,10.0,10.0,5,7,10,9,0,10,10,0.4499999999999993,b
7613287514325.0,https://images.openfoodfacts.org/images/products/761/328/751/4325/front_fr.99.400.jpg,"Nestlé, Fitness",Breakfast cereals,1560.0,8.3,0.56,0.6,9.8,8.5,0.0,0.224,-3.0,a,11.0,5.0,6,9,10,10,0,10,10,-0.6499999999999986,a
3175681851849.0,https://images.openfoodfacts.org/images/products/317/568/185/1849/front_en.216.400.jpg,Gerblé,Biscuits and cakes,1902.0,11.0,0.01,1.5,9.8,6.6,18.45,0.004,-2.0,a,8.0,10.0,5,8,10,9,0,10,10,0.34999999999999964,b
7613034626844.0,https://images.openfoodfacts.org/images/products/761/303/462/6844/front_fr.355.400.jpg,"Nestlé,Chocapic",Breakfast cereals,1638.0,22.4,0.22,2.0,8.8,7.5,0.0,0.088,-1.0,a,8.0,10.0,6,6,10,9,0,10,10,0.05000000000000071,b
3387390019995.0,https://images.openfoodfacts.org/images/products/338/739/001/9995/front_fr.93.400.jpg,"Nestlé,Lion",Breakfast cereals,1728.0,25.0,0.49,3.2,8.2,5.8,0.0,0.196,10.0,c,11.0,5.0,5,5,10,7,0,10,10,1.4499999999999993,b
7613035937420.0,https://images.openfoodfacts.org/images/products/761/303/593/7420/front_fr.147.400.jpg,Herta,unknown,1097.0,2.2,1.3,1.4,16.0,2.1,27.85,0.52,2.0,b,6.0,8.0,7,10,10,9,0,4,10,0.9500000000000011,b
3175681209282.0,https://images.openfoodfacts.org/images/products/317/568/120/9282/front_fr.113.400.jpg,Gerblé,Biscuits and cakes,1937.0,11.0,0.06,1.5,8.2,5.5,21.75,0.024,-2.0,a,8.0,10.0,5,8,10,9,0,10,10,0.34999999999999964,b
8410076601131.0,https://images.openfoodfacts.org/images/products/841/007/660/1131/front_fr.109.400.jpg,Nature Valley General Mills,Biscuits and cakes,1960.0,26.8,0.85,2.2,8.7,6.4,6.32942708333333,0.34,10.0,c,5.0,10.0,5,5,10,8,0,10,10,1.0500000000000007,b
3229820786599.0,https://images.openfoodfacts.org/images/products/322/982/078/6599/front_fr.94.400.jpg,Bjorg,Breakfast cereals,1637.0,7.5,0.03,1.9,15.0,11.0,17.0,0.012,-4.0,a,4.0,1.0,6,9,10,9,0,10,10,-0.25,a
3029330072683.0,https://images.openfoodfacts.org/images/products/302/933/007/2683/front_fr.12.400.jpg,Jacquet,Bread,1161.0,5.4,1.0,0.5,9.7,3.8,3.75,0.4,-1.0,a,6.0,5.0,7,9,10,10,0,8,10,-0.5500000000000007,a
3228857001118.0,https://images.openfoodfacts.org/images/products/322/885/700/1118/front_fr.27.400.jpg,Harrys,Bread,1100.0,5.6,1.0,0.4,7.1,4.9,6.3,0.4,-1.0,a,8.0,9.0,7,9,10,10,0,10,8,-0.75,a
20621469.0,https://images.openfoodfacts.org/images/products/20621469/front_en.102.400.jpg,Crownfield,Breakfast cereals,1578.0,10.8,0.41,0.4,8.9,6.7,0.0,0.164,-3.0,a,4.0,7.0,6,8,10,10,0,10,10,-0.5500000000000007,a
4056489007180.0,https://images.openfoodfacts.org/images/products/405/648/900/7180/front_en.115.400.jpg,Maître Jean Pierre,Bread,1112.0,8.5,1.0,0.4,8.0,5.5,3.375,0.4,-1.0,a,8.0,9.0,7,9,10,10,0,10,8,-0.75,a
4000540000108.0,https://images.openfoodfacts.org/images/products/400/054/000/0108/front_en.124.400.jpg,"Peter Kölln GmbH & Co. KGaA,Kölln,Köln Flocken",Breakfast cereals,1520.0,1.2,0.0,3.25,13.0,27.5,0.0,0.0,-3.0,a,10.0,7.0,6,10,10,7,0,10,10,0.4499999999999993,b
7311070032598.0,https://images.openfoodfacts.org/images/products/731/107/003/2598/front_en.75.400.jpg,Krisprolls,Bread,1687.0,1.1,1.1,0.9,13.0,8.3,7.6,0.44,-1.0,a,9.0,10.0,5,10,10,10,0,10,10,-0.25,a
3029330003830.0,https://images.openfoodfacts.org/images/products/302/933/000/3830/front_fr.43.400.jpg,Jacquet,Bread,1142.0,2.5,1.2,0.6,8.2,4.3,2.70833333333333,0.48,-1.0,a,7.0,8.0,7,10,10,10,0,8,10,-0.6499999999999986,a
5053827199667.0,https://images.openfoodfacts.org/images/products/505/382/719/9667/front_fr.52.400.jpg,Kellogg's,Breakfast cereals,1854.0,25.0,0.96,4.7,7.0,3.7,2.63541666666667,0.384,15.0,d,9.0,10.0,5,5,10,6,0,6,8,3.4499999999999993,c
5010477348517.0,https://images.openfoodfacts.org/images/products/501/047/734/8517/front_fr.127.400.jpg,Jordans,Breakfast cereals,1818.0,20.2,0.03,1.8,9.1,6.0,2.25694444444444,0.012,0.0,b,9.0,10.0,5,6,10,9,0,10,10,0.5500000000000007,b
3256220666510.0,https://images.openfoodfacts.org/images/products/325/622/066/6510/front_fr.59.400.jpg,U,Bread,1399.0,1.3,1.3,0.6,9.3,3.0,7.84615384615385,0.52,1.0,b,6.0,5.0,6,10,10,10,0,6,10,0.4499999999999993,b
7613037397956.0,https://images.openfoodfacts.org/images/products/761/303/739/7956/front_fr.91.400.jpg,"Herta,Garden gourmet",unknown,817.0,1.0,0.9,3.9,14.0,15.9,13.3421223958333,0.36,-2.0,a,6.0,11.0,8,10,10,7,0,10,10,-0.5500000000000007,a
5010477348395.0,https://images.openfoodfacts.org/images/products/501/047/734/8395/front_fr.130.400.jpg,Jordans,Breakfast cereals,1902.0,20.8,0.03,4.6,9.2,6.0,0.0,0.012,8.0,c,8.0,10.0,5,6,10,6,0,10,10,1.75,b
7622210444127.0,https://images.openfoodfacts.org/images/products/762/221/044/4127/front_fr.86.400.jpg,LU,Biscuits and cakes,1605.0,22.0,0.63,0.9,5.5,6.6,8.35000000000001,0.252,2.0,b,10.0,8.0,6,6,10,10,0,10,6,0.4499999999999993,b
3029330022428.0,https://images.openfoodfacts.org/images/products/302/933/002/2428/front_en.118.400.jpg,Jacquet,Bread,1026.0,3.8,1.2,0.3,8.7,6.6,1.1,0.48,-2.0,a,8.0,10.0,7,10,10,10,0,10,10,-1.25,a
3228857001521.0,https://images.openfoodfacts.org/images/products/322/885/700/1521/front_fr.75.400.jpg,Harrys,Bread,1015.0,3.0,1.1,0.3,8.5,7.4,7.64843749999999,0.44,-3.0,a,7.0,10.0,7,10,10,10,0,10,10,-1.25,a
3242272845256.0,https://images.openfoodfacts.org/images/products/324/227/284/5256/front_en.65.400.jpg,Sodebo,Sandwiches,924.0,2.3,1.2,1.5,8.1,3.5,41.3011363636364,0.48,-1.0,a,9.0,8.0,8,10,10,9,2,6,10,-0.049999999999998934,a
7613036021388.0,https://images.openfoodfacts.org/images/products/761/303/602/1388/front_fr.137.400.jpg,Garden Gourmet,unknown,984.0,1.4,0.83,0.8,12.3,5.3,1.1109375,0.332,-5.0,a,6.0,9.0,8,10,10,10,0,10,10,-1.75,a
3229820791081.0,https://images.openfoodfacts.org/images/products/322/982/079/1081/front_en.110.400.jpg,Bjorg,Biscuits and cakes,547.0,9.3,0.12,1.1,1.2,0.7,1.01666666666667,0.048,4.0,c,4.0,0.0,9,8,10,9,0,0,0,3.3499999999999996,c
3229820019307.0,https://images.openfoodfacts.org/images/products/322/982/001/9307/front_en.195.400.jpg,Bjorg,Breakfast cereals,1524.0,1.7,0.02,1.3,11.0,11.0,0.0,0.008,-5.0,a,5.0,10.0,6,10,10,9,0,10,10,-0.3500000000000014,a
3175681225114.0,https://images.openfoodfacts.org/images/products/317/568/122/5114/front_fr.66.400.jpg,Céréal bio,unknown,825.0,4.2,0.91,0.9,13.0,3.5,35.0265625,0.364,-2.0,a,7.0,9.0,8,10,10,10,0,6,10,-0.5500000000000007,a
3560070711871.0,https://images.openfoodfacts.org/images/products/356/007/071/1871/front_fr.67.400.jpg,Carrefour,Sandwiches,971.0,1.6,0.96,0.9,8.6,1.9,24.2,0.384,0.0,b,7.0,8.0,8,10,10,10,0,2,10,0.6500000000000004,b
3175681262287.0,https://images.openfoodfacts.org/images/products/317/568/126/2287/front_fr.96.400.jpg,Céréal Bio,unknown,923.0,3.1,1.4,1.1,17.0,5.4,29.8,0.56,-1.0,a,8.0,10.0,8,10,10,9,0,10,10,-1.3500000000000014,a
3392460481114.0,https://images.openfoodfacts.org/images/products/339/246/048/1114/front_fr.121.400.jpg,"Lu,Mondelez,Heudebert",Bread,1703.0,5.0,0.03,2.7,12.0,3.6,0.0,0.012,0.0,b,8.0,8.0,5,9,10,8,0,6,10,1.8500000000000014,b
3228857000937.0,https://images.openfoodfacts.org/images/products/322/885/700/0937/front_fr.99.400.jpg,Harrys,Bread,1043.0,5.0,1.25,0.5,8.5,7.7,3.26388888888889,0.5,-1.0,a,9.0,10.0,7,9,10,10,0,10,10,-1.1499999999999986,a
20507336.0,https://images.openfoodfacts.org/images/products/20507336/front_en.60.400.jpg,"Gräfschafter, Wepu Brot GmbH  D-59387",Bread,785.0,3.7,1.13,0.3,4.2,10.0,0.0,0.452,0.0,b,7.0,7.0,8,10,10,10,0,10,4,-0.5500000000000007,a
7613287466044.0,https://images.openfoodfacts.org/images/products/761/328/746/6044/front_de.31.400.jpg,"Garden Gourmet,Nestlé",unknown,1160.0,0.1,0.9,2.3,22.6,1.1,13.3,0.36,2.0,b,10.0,6.0,7,10,10,8,0,2,10,1.950000000000001,b
5010029000023.0,https://images.openfoodfacts.org/images/products/501/002/900/0023/front_fr.80.400.jpg,Weetabix,Breakfast cereals,1531.0,4.2,0.28,0.6,12.0,10.0,0.0,0.112,-5.0,a,5.0,10.0,6,10,10,10,0,10,10,-0.75,a
3367651002881.0,https://images.openfoodfacts.org/images/products/336/765/100/2881/front_en.49.400.jpg,Daunat,Sandwiches,1045.0,3.4,0.84,1.2,8.9,0.0,26.1767578125,0.336,2.0,b,7.0,8.0,7,10,10,9,0,0,10,2.1500000000000004,c
7613036669498.0,https://images.openfoodfacts.org/images/products/761/303/666/9498/front_en.107.400.jpg,Nestlé,Breakfast cereals,1658.0,17.9,0.67,0.9,9.5,9.2,0.0,0.268,-1.0,a,6.0,10.0,6,7,10,10,0,10,10,-0.4499999999999993,a
3760049798029.0,https://images.openfoodfacts.org/images/products/376/004/979/8029/front_fr.104.400.jpg,La Boulangère Bio,Bread,1318.0,5.0,1.0,0.9,9.1,5.3,0.0,0.4,-2.0,a,8.0,10.0,7,9,10,10,0,10,10,-1.1499999999999986,a
3168930010906.0,https://images.openfoodfacts.org/images/products/316/893/001/0906/front_en.99.400.jpg,QUAKER,Breakfast cereals,1906.0,16.0,0.48,4.9,8.1,10.0,0.95,0.192,9.0,c,9.0,10.0,5,7,10,6,0,10,10,1.6499999999999986,b
7613036669146.0,https://images.openfoodfacts.org/images/products/761/303/666/9146/front_en.213.400.jpg,"Nestlé,Chocapic",Breakfast cereals,1650.0,22.5,0.22,1.6,8.8,7.9,0.0,0.088,-1.0,a,9.0,10.0,6,6,10,9,0,10,10,0.05000000000000071,b
5010029220773.0,https://images.openfoodfacts.org/images/products/501/002/922/0773/front_en.128.400.jpg,Weetabix®™,Breakfast cereals,1531.0,4.2,0.28,0.6,12.0,10.0,0.0,0.112,-5.0,a,10.0,10.0,6,10,10,10,0,10,10,-0.75,a
3229820019208.0,https://images.openfoodfacts.org/images/products/322/982/001/9208/front_fr.92.400.jpg,Bjorg,Bread,835.0,4.0,1.1,0.2,4.6,10.0,0.0,0.44,-1.0,a,6.0,7.0,8,10,10,10,0,10,4,-0.5500000000000007,a
3159470001424.0,https://images.openfoodfacts.org/images/products/315/947/000/1424/front_en.103.400.jpg,Kellogg's,Breakfast cereals,1400.0,18.0,0.95,0.7,14.0,27.0,0.0,0.38,6.0,c,10.0,10.0,6,7,10,10,0,10,10,-0.4499999999999993,a
3168930009078.0,https://images.openfoodfacts.org/images/products/316/893/000/9078/front_en.148.400.jpg,Quaker,Breakfast cereals,1570.0,1.1,0.01,1.5,11.0,9.0,0.0,0.004,-5.0,a,5.0,10.0,6,10,10,9,0,10,10,-0.3500000000000014,a
3242272856559.0,https://images.openfoodfacts.org/images/products/324/227/285/6559/front_fr.40.400.jpg,Sodebo,Sandwiches,1323.0,3.0,2.1,8.5,11.0,3.8,8.16761363636364,0.84,16.0,d,8.0,5.0,7,10,10,2,0,8,10,2.549999999999999,c
8480000809421.0,https://images.openfoodfacts.org/images/products/848/000/080/9421/front_en.32.400.jpg,Hacendado,Bread,1149.0,1.9,1.3,1.5,9.2,9.1,0.0,0.52,-1.0,a,9.0,10.0,7,10,10,9,0,10,10,-0.8500000000000014,a
7613035189027.0,https://images.openfoodfacts.org/images/products/761/303/518/9027/front_en.142.400.jpg,"Nestlé,Crunch",Breakfast cereals,1695.0,24.9,0.04,3.3,7.4,7.2,0.0,0.016,8.0,c,5.0,10.0,5,5,10,7,0,10,8,1.8499999999999996,b
5010477356277.0,https://images.openfoodfacts.org/images/products/501/047/735/6277/front_fr.46.400.jpg,Jordans,Breakfast cereals,1892.0,2.5,0.03,2.4,12.6,16.1,17.625,0.012,-3.0,a,8.0,10.0,5,10,10,8,0,10,10,0.5500000000000007,b
3175681028111.0,https://images.openfoodfacts.org/images/products/317/568/102/8111/front_fr.185.400.jpg,Céréal Bio,unknown,792.0,3.8,0.95,0.6,7.5,5.0,37.15,0.38,-3.0,a,11.0,3.0,8,10,10,10,0,10,8,-1.3500000000000014,a
3159470204948.0,https://images.openfoodfacts.org/images/products/315/947/020/4948/front_fr.153.400.jpg,Kellogg's,Breakfast cereals,1666.0,20.0,0.83,2.6,8.6,4.9,0.0,0.332,8.0,c,9.0,10.0,6,6,10,8,0,10,10,0.4499999999999993,b
3560071177232.0,https://images.openfoodfacts.org/images/products/356/007/117/7232/front_fr.26.400.jpg,Carrefour,Bread,1018.0,4.3,0.98,0.2,8.2,4.2,0.0,0.392,-2.0,a,9.0,7.0,7,10,10,10,0,8,10,-0.6499999999999986,a
3181232138345.0,https://images.openfoodfacts.org/images/products/318/123/213/8345/front_fr.66.400.jpg,Charal,Sandwiches,1204.0,3.4,1.7,5.7,13.0,1.4,7.875,0.68,14.0,d,8.0,5.0,7,10,10,5,0,2,10,3.1500000000000004,c
4008713756661.0,https://images.openfoodfacts.org/images/products/400/871/375/6661/front_en.73.400.jpg,Brüggen,Breakfast cereals,1580.0,0.7,0.02,1.3,14.0,10.0,0.0,0.008,-5.0,a,9.0,10.0,6,10,10,9,0,10,10,-0.3500000000000014,a
3380380046940.0,https://images.openfoodfacts.org/images/products/338/038/004/6940/front_fr.85.400.jpg,Le Pain des Fleurs,Bread,1642.0,1.7,0.01,0.6,13.4,4.5,0.0,0.004,-5.0,a,4.0,9.0,6,10,10,10,0,8,10,-0.15000000000000036,a
3760049798609.0,https://images.openfoodfacts.org/images/products/376/004/979/8609/front_fr.125.400.jpg,La Boulangère,Bread,1265.0,5.1,0.97,1.1,12.0,7.0,1.46770833333335,0.388,-1.0,a,9.0,10.0,7,9,10,9,0,10,10,-0.75,a
8437017032298.0,https://images.openfoodfacts.org/images/products/843/701/703/2298/front_es.21.400.jpg,Heura,unknown,525.0,0.0,1.5,0.5,18.0,5.8,2.5,0.6,-3.0,a,7.0,8.0,9,10,10,10,0,10,10,-2.25,a
7613035982086.0,https://images.openfoodfacts.org/images/products/761/303/598/2086/front_fr.115.400.jpg,"Garden gourmet,Nestlé",unknown,795.0,3.4,0.73,2.0,8.2,3.1,55.6850409226191,0.292,-3.0,a,3.0,10.0,8,10,10,9,2,6,10,-0.049999999999998934,a
8008698005576.0,https://images.openfoodfacts.org/images/products/800/869/800/5576/front_fr.154.400.jpg,Schär,Bread,981.0,3.3,0.99,0.4,3.5,8.1,0.0,0.396,-1.0,a,6.0,7.0,8,10,10,10,0,10,4,-0.5500000000000007,a
3760049790252.0,https://images.openfoodfacts.org/images/products/376/004/979/0252/front_fr.110.400.jpg,la boulangère,Bread,1011.0,3.3,1.2,1.2,9.2,5.3,0.0,0.48,-1.0,a,9.0,10.0,7,10,10,9,0,10,10,-0.8500000000000014,a
3228850006035.0,https://images.openfoodfacts.org/images/products/322/885/000/6035/front_fr.177.400.jpg,Harrys,Bread,1181.0,6.5,1.25,0.5,9.0,3.7,7.64772727272727,0.5,1.0,b,9.0,8.0,7,9,10,10,0,6,10,0.05000000000000071,b
3029330071280.0,https://images.openfoodfacts.org/images/products/302/933/007/1280/front_fr.59.400.jpg,Jacquet,Bread,1038.0,3.8,1.2,0.3,8.7,6.6,12.0,0.48,-2.0,a,8.0,10.0,7,10,10,10,0,10,10,-1.25,a
8710445020878.0,https://images.openfoodfacts.org/images/products/871/044/502/0878/front_en.50.400.jpg,Hacendado,Bread,1645.0,3.0,1.13,1.1,13.0,24.7,0.0,0.452,0.0,b,10.0,10.0,6,10,10,9,0,10,10,-0.3500000000000014,a
3182180060320.0,https://images.openfoodfacts.org/images/products/318/218/006/0320/front_fr.82.400.jpg,Brioche Pasquier,Bread,1606.0,3.4,1.55,0.6,13.0,8.7,0.0,0.62,0.0,b,10.0,10.0,6,10,10,10,0,10,10,-0.75,a
3228857000838.0,https://images.openfoodfacts.org/images/products/322/885/700/0838/front_en.152.400.jpg,Harrys,Bread,1172.0,7.7,1.1,0.4,7.6,3.9,4.4,0.44,0.0,b,8.0,8.0,7,9,10,10,0,8,8,-0.15000000000000036,a
7311070362664.0,https://images.openfoodfacts.org/images/products/731/107/036/2664/front_fr.106.400.jpg,Krisprolls,Bread,1824.0,9.5,0.67,1.3,10.0,3.1,2.0,0.268,2.0,b,10.0,8.0,5,8,10,9,0,6,10,1.5500000000000007,b
3242272953555.0,https://images.openfoodfacts.org/images/products/324/227/295/3555/front_fr.35.400.jpg,Sodebo,Sandwiches,957.0,4.9,1.1,2.0,8.5,3.9,12.2647705078125,0.44,-1.0,a,7.0,5.0,8,9,10,9,0,8,10,-0.6499999999999986,a
3560070998753.0,https://images.openfoodfacts.org/images/products/356/007/099/8753/front_fr.153.400.jpg,"Carrefour Veggie,Carrefour",unknown,1178.0,1.1,0.7,1.4,15.0,2.5,5.41875,0.28,0.0,b,8.0,10.0,7,10,10,9,0,4,10,0.9500000000000011,b
8008698007389.0,https://images.openfoodfacts.org/images/products/800/869/800/7389/front_en.149.400.jpg,Schär,Bread,1044.0,4.1,0.97,0.8,4.5,9.9,0.150000000000001,0.388,0.0,b,7.0,7.0,7,10,10,10,0,10,4,-0.05000000000000071,a
20712785.0,https://images.openfoodfacts.org/images/products/20712785/front_fr.54.400.jpg,Maître Jean PierreLidl,Bread,1194.0,6.2,1.1,0.9,8.2,4.0,2.05,0.44,-1.0,a,8.0,9.0,7,9,10,10,0,8,10,-0.5500000000000007,a
3387390326574.0,https://images.openfoodfacts.org/images/products/338/739/032/6574/front_fr.375.400.jpg,"Cookie Crisp,Nestlé",Breakfast cereals,1669.0,22.4,0.66,2.2,7.2,6.0,0.0,0.264,7.0,c,10.0,10.0,6,6,10,8,0,10,8,0.8499999999999996,b
4000405002636.0,https://images.openfoodfacts.org/images/products/400/040/500/2636/front_de.134.400.jpg,Rügenwalder Mühle,unknown,911.0,1.0,2.8,1.5,8.8,5.0,0.0,1.12,8.0,c,11.0,0.0,8,10,10,9,0,10,10,-1.3500000000000014,a
3177500000742.0,https://images.openfoodfacts.org/images/products/317/750/000/0742/front_fr.89.400.jpg,Biscuiterie d'Agen,Bread,1547.0,2.3,0.01,0.12,10.0,4.1,0.0,0.004,-5.0,a,4.0,9.0,6,10,10,10,0,8,10,-0.15000000000000036,a
3182180001477.0,https://images.openfoodfacts.org/images/products/318/218/000/1477/front_fr.81.400.jpg,PasquierBrioche Pasquier,Bread,1791.0,1.7,0.89,2.0,13.0,7.4,0.0,0.356,-1.0,a,9.0,10.0,5,10,10,9,0,10,10,0.15000000000000036,b
7613035982055.0,https://images.openfoodfacts.org/images/products/761/303/598/2055/front_fr.110.400.jpg,"Herta, Nestle, Garden gourmet",unknown,729.0,3.0,1.1,0.4,20.0,4.3,16.10625,0.44,-3.0,a,11.0,5.0,8,10,10,10,0,8,10,-1.1499999999999986,a
3168930010890.0,https://images.openfoodfacts.org/images/products/316/893/001/0890/front_fr.96.400.jpg,Quaker,Breakfast cereals,1914.0,20.0,0.51,4.8,7.7,8.7,1.85060763888889,0.204,10.0,c,8.0,10.0,5,6,10,6,0,10,8,2.1500000000000004,c
8480000823281.0,https://images.openfoodfacts.org/images/products/848/000/082/3281/front.3.400.jpg,Hacendado,Bread,1000.0,3.3,1.2,0.7,1.4,7.4,0.0,0.48,2.0,b,7.0,5.0,8,10,10,10,0,10,0,0.25,b
7613036915076.0,https://images.openfoodfacts.org/images/products/761/303/691/5076/front_en.114.400.jpg,"Garden Gourmet,Nestlé",unknown,817.0,1.0,0.9,3.9,14.0,5.9,24.7798295454545,0.36,-2.0,a,6.0,9.0,8,10,10,7,0,10,10,-0.5500000000000007,a
3182180012190.0,https://images.openfoodfacts.org/images/products/318/218/001/2190/front_fr.135.400.jpg,Brioche Pasquier,Bread,1571.0,2.5,0.02,0.5,14.0,6.5,0.0,0.008,-6.0,a,4.0,10.0,6,10,10,10,0,10,10,-0.75,a
7613036278508.0,https://images.openfoodfacts.org/images/products/761/303/627/8508/front_fr.56.400.jpg,"Herta, Nestle, Garden gourmet",unknown,624.0,0.5,1.4,0.4,22.5,5.9,6.84,0.56,-3.0,a,11.0,0.0,9,10,10,10,0,10,10,-2.25,a
7613036668910.0,https://images.openfoodfacts.org/images/products/761/303/666/8910/front_fr.132.400.jpg,"Nestlé, Nesquik bio, Nesquik",Breakfast cereals,1582.0,22.3,0.45,0.7,9.1,8.7,0.0,0.18,-1.0,a,11.0,4.0,6,6,10,10,0,10,10,-0.3500000000000014,a
3228857000166.0,https://images.openfoodfacts.org/images/products/322/885/700/0166/front_fr.1778.400.jpg,Harrys,Bread,1053.0,4.3,1.1,0.4,7.5,6.5,5.26996527777778,0.44,-2.0,a,7.0,9.0,7,10,10,10,0,10,8,-0.8500000000000014,a
